<?xml version="1.0"?>
<Runs Version="1" Minor="0">
	<Run Id="synth_1" LaunchDir="D:/HustProjects/Project_Of_HardwareSystem_2022/2022秋硬件综合训练课设资料发布包/cpu21-riscv/Verilog/cpu21-riscv/Single_cycle_CPU/mips_cpu/mips_cpu.runs/synth_1" FlowId="Vivado_Synthesis" FromStepId="vivado" ToStepId="vivado"/>
	<Run Id="impl_1" LaunchDir="D:/HustProjects/Project_Of_HardwareSystem_2022/2022秋硬件综合训练课设资料发布包/cpu21-riscv/Verilog/cpu21-riscv/Single_cycle_CPU/mips_cpu/mips_cpu.runs/impl_1" FlowId="Vivado_Implementation" FromStepId="init_design" ToStepId="write_bitstream">
		<Parent Id="synth_1"/>
	</Run>
	<Parameters>
		<Parameter Name="runs.monitorLSFJobs" Val="true" Type="bool"/>
		<Parameter Name="runs.enableClusterConf" Val="true" Type="bool"/>
	</Parameters>
</Runs>

